{
  "hash": "84af1863",
  "configHash": "b6571485",
  "lockfileHash": "84db6165",
  "browserHash": "bb9dabec",
  "optimized": {
    "@angular/common": {
      "src": "../../../../../../node_modules/@angular/common/fesm2022/common.mjs",
      "file": "@angular_common.js",
      "fileHash": "95359525",
      "needsInterop": false
    },
    "@angular/core": {
      "src": "../../../../../../node_modules/@angular/core/fesm2022/core.mjs",
      "file": "@angular_core.js",
      "fileHash": "01d916d8",
      "needsInterop": false
    },
    "@angular/platform-browser": {
      "src": "../../../../../../node_modules/@angular/platform-browser/fesm2022/platform-browser.mjs",
      "file": "@angular_platform-browser.js",
      "fileHash": "6097608f",
      "needsInterop": false
    },
    "@angular/router": {
      "src": "../../../../../../node_modules/@angular/router/fesm2022/router.mjs",
      "file": "@angular_router.js",
      "fileHash": "797b24ce",
      "needsInterop": false
    },
    "zone.js": {
      "src": "../../../../../../node_modules/zone.js/fesm2015/zone.js",
      "file": "zone__js.js",
      "fileHash": "6188bb36",
      "needsInterop": true
    }
  },
  "chunks": {
    "chunk-RIKS5VAX": {
      "file": "chunk-RIKS5VAX.js"
    },
    "chunk-BS62TQKE": {
      "file": "chunk-BS62TQKE.js"
    },
    "chunk-5D2FILIF": {
      "file": "chunk-5D2FILIF.js"
    },
    "chunk-WDMUDEB6": {
      "file": "chunk-WDMUDEB6.js"
    }
  }
}